G_GLU15-G_ARG13,26.69
R_ASP159-R_LYS170,43.43
G_GLU16-G_ARG13,40.24
R_GLU174-R_LYS265,24.3
R_GLU174-R_LYS267,37.85
G_GLU209-G_LYS211,26.29
G_GLU209-G_ARG42,32.27
G_GLU21-G_LYS24,33.07
G_ASP215-G_ARG373,99.2
R_ASP220-G_ARG389,72.51
G_ASP223-G_LYS53,89.24
G_GLU230-G_ARG232,82.47
G_GLU259-G_ARG228,40.24
G_GLU268-G_ARG258,82.07
G_GLU27-G_LYS24,46.61
R_ASP296-G_ARG283,33.47
G_GLU309-G_ARG336,25.9
G_ASP310-G_LYS307,40.64
G_GLU314-G_ARG317,37.85
G_GLU327-G_LYS338,64.14
G_GLU330-G_LYS338,94.82
G_ASP331-G_ARG333,84.46
G_ASP343-G_ARG342,87.65
G_GLU344-G_ARG317,66.14
G_GLU344-G_ARG347,53.78
G_ASP368-G_ARG374,55.38
G_ASP381-R_ARG215,73.71
G_ASP381-G_ARG380,53.39
G_GLU392-R_ARG293,82.07
R_ASP7-R_LYS269,87.65
