R_GLU174-R_LYS265,88.84
G_GLU209-G_ARG42,72.91
G_GLU21-G_ARG13,58.96
G_ASP215-G_ARG373,98.41
R_GLU217-R_ARG228,25.5
R_ASP220-G_ARG389,60.16
G_ASP223-G_ARG228,80.88
G_ASP223-G_LYS53,77.69
G_ASP229-G_ARG258,90.84
G_GLU230-G_ARG232,69.32
G_GLU230-G_LYS233,26.29
G_ASP240-G_LYS32,27.89
G_ASP240-G_ARG38,20.72
G_GLU268-G_ARG258,74.5
G_GLU27-G_LYS24,76.1
G_ASP310-G_LYS307,71.31
G_GLU314-G_ARG317,31.87
G_GLU314-G_ARG347,33.86
G_GLU327-G_LYS338,29.08
G_GLU330-G_LYS338,49.0
G_ASP331-G_ARG333,76.49
G_ASP343-G_ARG342,50.6
G_GLU344-G_ARG347,82.47
G_ASP354-G_ARG283,62.55
G_ASP354-G_ARG356,37.85
G_ASP368-G_ARG374,48.61
G_ASP378-R_ARG215,49.8
G_ASP381-R_ARG211,38.25
G_ASP381-G_ARG380,41.43
G_GLU392-R_ARG293,68.53
G_GLU392-R_ARG295,28.29
G_GLU50-G_ARG265,23.9
R_ASP7-R_LYS269,88.45
