G_GLU16-G_ARG13,25.9
G_GLU16-G_ARG228,56.18
R_ASP170-R_LYS150,70.92
G_GLU209-G_LYS211,45.02
G_GLU209-G_LYS25,31.08
G_GLU21-G_LYS24,47.41
R_GLU212-R_LYS209,68.92
G_ASP215-G_ARG373,87.65
R_GLU219-R_ARG222,28.69
G_ASP223-G_LYS53,97.61
R_GLU228-R_ARG205,71.71
G_ASP229-G_ARG231,28.29
G_GLU230-G_ARG232,59.36
G_ASP240-G_ARG38,59.76
G_ASP240-G_ARG42,72.51
G_ASP260-G_ARG258,59.36
G_GLU268-G_ARG265,26.69
G_GLU27-G_LYS233,27.49
G_GLU27-G_LYS24,33.86
G_GLU309-G_ARG317,58.96
G_ASP310-G_LYS307,58.57
G_GLU314-G_ARG317,22.31
G_GLU322-G_ARG336,45.02
G_ASP33-G_LYS28,39.44
G_ASP33-G_LYS32,21.51
G_GLU330-G_LYS338,33.07
G_ASP331-G_ARG333,99.6
G_ASP343-G_ARG342,88.84
G_GLU344-G_ARG347,90.44
G_ASP354-G_ARG283,43.03
G_ASP368-G_ARG374,27.09
G_ASP378-G_ARG374,46.22
G_ASP381-R_ARG206,86.45
G_ASP381-G_ARG380,74.1
G_GLU392-R_ARG291,35.06
G_GLU392-R_ARG296,68.92
G_GLU50-G_ARG265,45.42
